SWAP,82500,-82451.298588,1669835579
SWAP,273750,-273587.999784,1669835891
SWAP,386.942143215694797475,-386.712722,1669837151
SWAP,155.819407076330761381,-155.72702,1669837499
MINT,461.686200490912427125,155.72702,1669837499
MINT,181244154.754637911517967747,61133964.644941,1669837499
BURN,181244053.779279817661149966,61133930.585779,1669837499
SWAP,1029.536328851737289032,-1028.925903,1669838807
SWAP,1157.857053473354959302,-1157.170534,1669838831
SWAP,64449.908305079221004027,-64411.677172,1669843823
BURN,6804029.162057672467944133,2291674.73807,1669844795
SWAP,166272.171867809329618343,-166173.378861,1669844963
SWAP,-1002.934048659172066736,1003.340525,1669847303
SWAP,246.340647584146991208,-246.194108,1669849343
SWAP,181.151671362764129322,-181.04391,1669849415
SWAP,1250,-1249.256408,1669849583
SWAP,-299.878465938669260092,300,1669849931
SWAP,-601.255158785124157433,601.498837,1669850087
SWAP,-622.674427674078863959,622.92679,1669850915
SWAP,-129.169183788905058055,129.221535,1669853543
SWAP,-299.878461709174192307,300,1669856231
MINT,195.999999972256165001,197.901142,1669856711
SWAP,-257.773109842711535365,257.877584,1669856843
SWAP,90.152568385692467837,-90.09894,1669857143
SWAP,128.799547816967048569,-128.722929,1669857215
SWAP,83.707806793551005184,-83.658012,1669857215
SWAP,-29300.187920192620331192,29312.066738,1669860719
SWAP,-499.797309716740087215,500,1669863947
SWAP,1288.715766404048512443,-1287.949478,1669865375
SWAP,-299.878388102770086005,300,1669865963
SWAP,-256.591427716944056677,256.695486,1669871027
SWAP,128.27043910436314887,-128.194167,1669872887
MINT,11.720530094068014521,3.93546,1669884731
SWAP,2563.015173770193151977,-2561.491136,1669886387
SWAP,1648.17467526247018893,-1647.194597,1669887035
MINT,199792.004763878774567259,201900,1669888055
SWAP,38.377800361589376027,-38.354978,1669894139
SWAP,9.861379736292129162,-9.855515,1669895339
MINT,0.999998511770649166,0.335742,1669901363
SWAP,128.735279117414024698,-128.658726,1669902251
SWAP,1533.570229766994413065,-1532.658277,1669902347
SWAP,382.235487343303628323,-382.008184,1669904879
MINT,9.999997225701255929,3.357269,1669905455
MINT,2.000699999999999125,0.671689,1669905623
SWAP,-320.334221565712042703,320.464114,1669906727
MINT,1000.999999433487842831,602.381185,1669907375
BURN,1000.99999943348784283,602.381184,1669907579
SWAP,-16470.549052998166526222,16477.22883,1669908287
SWAP,-959.937170123065205907,960.326553,1669910999
SWAP,1389.478107365458956233,-1388.652028,1669914455
SWAP,-249.898634544224973823,250,1669918211
SWAP,3564.801421906183739906,-3562.681993,1669922915
SWAP,-63.765825596869830919,63.791689,1669922915
MINT,1007.021192894507303517,338.184403,1669923059
BURN,1007.021192894507303516,338.184402,1669923299
SWAP,-16416.9156090384044131,16423.575417,1669931771
SWAP,129.768927616166770686,-129.69179,1669933955
SWAP,85.470616512320062144,-85.419811,1669938179
BURN,32437.526620740783634678,10897.369879,1669939739
SWAP,-29055.45622143738688135,29067.248641,1669939931
BURN,121.29422656439527175,122.808923,1669944299
SWAP,-30.003135902678968195,30.015317,1669950539
SWAP,-879.965477154053388269,880.322732,1669952027
SWAP,59111.731336525117711352,-59076.594341,1669953875
BURN,0,0,1669954811
BURN,248.287149275262875125,83.35706,1669954811
SWAP,-254147.414483797637094081,254250.74291,1669956491
SWAP,-350751.242250497409516599,350894.749394,1669956887
SWAP,-10495.689640211574827682,10500,1669957835
SWAP,0.001,-0.000999,1669960979
SWAP,0.001,-0.000999,1669961015
SWAP,0.001,-0.000999,1669961507
SWAP,0.001,-0.000999,1669961507
SWAP,0.001,-0.000999,1669961507
SWAP,0.001,-0.000999,1669961507
SWAP,0.001,-0.000999,1669961507
SWAP,0.001,-0.000999,1669961507
SWAP,0.001,-0.000999,1669961507
SWAP,0.001,-0.000999,1669961507
SWAP,0.001,-0.000999,1669961579
SWAP,0.001,-0.000999,1669961615
SWAP,0.001,-0.000999,1669961627
SWAP,0.0012,-0.001199,1669961663
SWAP,0.001,-0.000999,1669961663
SWAP,0.001,-0.000999,1669961711
SWAP,0.001,-0.000999,1669961735
SWAP,0.001,-0.000999,1669961735
SWAP,0.001,-0.000999,1669961735
SWAP,0.001,-0.000999,1669961747
SWAP,0.001,-0.000999,1669961783
SWAP,0.001,-0.000999,1669961807
SWAP,0.001,-0.000999,1669961903
SWAP,0.001,-0.000999,1669961927
SWAP,0.001,-0.000999,1669961975
SWAP,0.001,-0.000999,1669962023
SWAP,0.001,-0.000999,1669962047
SWAP,0.001,-0.000999,1669962059
SWAP,0.001,-0.000999,1669962107
SWAP,0.001,-0.000999,1669962119
SWAP,0.001,-0.000999,1669962143
SWAP,-199.917888816028356856,200,1669969907
SWAP,-99.958944280544794737,100,1669980911
MINT,3.828709531712658215,1.303361,1669991603
MINT,1002.896826785554228265,341.403809,1669996703
SWAP,0.076695555567363032,-0.07665,1669997375
BURN,1002.896827223938185638,341.403808,1669998815
SWAP,50000,-49970.517661,1670000159
SWAP,667.44280314469106259,-667.049104,1670002751
SWAP,-91.965486561343077539,92.00322,1670004995
SWAP,-206.080938351511647199,206.165493,1670012759
SWAP,-103.212693524384043865,103.255042,1670019323
SWAP,-1610.491206397160574616,1611.152,1670021771
SWAP,1941,-1939.855089,1670022731
SWAP,-119.950784615151577138,120,1670023559
SWAP,350,-349.793547,1670026199
SWAP,972.908840340040375792,-972.33495,1670031491
SWAP,-500,500.205145,1670033243
SWAP,-741.650637289102733634,741.954932,1670037839
MINT,1000.999996817034331481,203.867604,1670042243
MINT,1002.896827159857383819,341.016597,1670053223
BURN,1002.896827159857383818,341.016596,1670053739
MINT,1001.999998775847993616,606.079231,1670055395
SWAP,254.781506159901638127,-254.631219,1670057075
MINT,1000.999997798200010727,340.369668,1670057651
SWAP,126.899077921357429736,-126.824224,1670058035
SWAP,-99.958987478653061805,100,1670060051
BURN,3081.950202640201702311,1047.953782,1670061095
MINT,1004.894279786455694203,341.693633,1670061299
BURN,1004.894279786455694202,341.693632,1670061647
MINT,14569.492220228178819451,15008,1670062955
MINT,1002.89478523572997397,341.013746,1670065079
BURN,1002.894785235729973969,341.013745,1670065511
MINT,1002.302318878510317364,340.81229,1670065739
BURN,1002.302318878510317363,340.812289,1670065955
BURN,14569.49222022817881945,15007.999999,1670067383
SWAP,-43.981954463684427759,44,1670068919
MINT,0.099997126789050065,0.034002,1670069195
SWAP,-2363.770222861297873283,2364.740089,1670069927
SWAP,4000,-3997.640548,1670070275
SWAP,-200.691628975380381789,200.773969,1670075843
SWAP,16.345065597245724965,-16.335424,1670077967
SWAP,6130,-6126.383886,1670081579
SWAP,-11000,11004.513044,1670085635
MINT,4999.999999710597149591,5013.123217,1670085755
BURN,4999.99999971059714959,5013.123216,1670085827
MINT,0.59999837953466627,0.204033,1670086115
SWAP,-487.300048371889742523,487.5,1670087183
MINT,0.099997164960434974,0.034005,1670088467
SWAP,3500,-3497.935533,1670089439
MINT,10000.999997685936693075,3400.669219,1670090339
BURN,10001.299693510455711493,3400.771125,1670091923
SWAP,287.422961392949487718,-287.253421,1670092211
MINT,1004.888710318470197641,341.693036,1670092919
SWAP,1850.016998297266387962,-1848.925723,1670093147
BURN,1004.899302823058093448,341.682444,1670093183
SWAP,-1556.740463398460697852,1557.379173,1670095307
SWAP,5000,-4997.050557,1670098571
MINT,1004.894339789784670447,341.654347,1670099267
BURN,1004.894339789784670446,341.654346,1670099759
SWAP,0.110064928383391902,-0.11,1670100779
SWAP,25.134951244927122842,-25.120123,1670106539
SWAP,-1998.078192148764929658,1998.897921,1670106803
SWAP,165.3663,-165.268751,1670111951
SWAP,150.591900024782706173,-150.503066,1670119715
SWAP,311.058550363911983524,-310.875057,1670119727
SWAP,-37668.02913403854494778,37683.488924,1670137763
BURN,1000.885116671064062948,203.982473,1670140031
MINT,99.999999215510162087,103.128658,1670150411
MINT,17.206108513206149016,5.855039,1670157275
BURN,10060.372942404103627294,3423.427995,1670159207
SWAP,-9.995895861754563962,10,1670167679
SWAP,7351.285086298976473513,-7346.9507,1670172515
SWAP,-52.520571316983485551,52.542133,1670175791
MINT,1004.89524184426369573,341.89823,1670176667
BURN,1004.895241844263695729,341.898229,1670176823
MINT,0.999997917284207939,0.340232,1670183759
SWAP,-3287.650306818876777252,3289,1670185715
SWAP,30034.784912859076293101,-30017.072206,1670193071
SWAP,-63882.005782051826703311,63908.233474,1670199887
SWAP,-51246.100467810830196614,51267.165405,1670200139
MINT,1.466669169723081092,0.5,1670200835
SWAP,1500,-1499.116657,1670204279
SWAP,0.000003611228983941,-0.000003,1670204603
SWAP,-258797.065894144387505782,258903.783648,1670208983
MINT,169238.714867887942580856,58028.481927,1670209223
SWAP,0.000000000395828849,0,1670209787
MINT,0.000000001154616566,0.000001,1670209787
MINT,173855668.180797547904617916,59611540.460276,1670209787
BURN,173855461.594230403096925573,59611469.625981,1670209787
MINT,444.999997199308196387,152.581366,1670213543
SWAP,-49571.036163503301030756,49591.542339,1670214899
SWAP,-148.938356821975395953,149,1670217071
MINT,105.314370201988674243,113.893998,1670221019
MINT,10005.95619849122214574,10821.109722,1670221691
SWAP,144547.1,-144462.266352,1670226947
SWAP,0.000000000494991482,0,1670228147
MINT,0.000000001446912844,0.000001,1670228147
MINT,173949762.811517528169616763,59517549.314932,1670228147
BURN,173949691.812601242225429055,59517525.022392,1670228147
SWAP,194.524124074590669443,-194.409839,1670232251
SWAP,-1297.262581326683775119,1297.79791,1670232275
SWAP,-10995.462036053670507747,11000,1670233127
SWAP,194.330526680699121511,-194.216376,1670234483
MINT,0.19999719021660913,0.068448,1670239619
MINT,10078.436685291935728802,3449.29263,1670239919
BURN,521450.14232680365892508,178463.60393,1670241791
SWAP,2001.364291783305665276,-2000.188663,1670242103
MINT,149.999999772500691307,51.334417,1670247143
SWAP,-38.691775204670716117,38.707745,1670247971
SWAP,-2399.009806246581474268,2400,1670248931
BURN,0,0,1670249987
BURN,142.688009164213638057,48.834709,1670249987
SWAP,25.680824429036770686,-25.665739,1670250575
SWAP,-958.070627909762968969,958.466087,1670252723
SWAP,383.238326260282533081,-383.013213,1670252783
SWAP,102.18936275881641328,-102.129337,1670252795
SWAP,-25261.79667386683091067,25272.226582,1670253899
SWAP,137.503,-137.42226,1670254331
SWAP,60.035251731405983357,-60,1670254355
SWAP,581.904484730603459732,-581.562798,1670255087
SWAP,-442.723553133468835713,442.906388,1670257223
SWAP,402.810689520512085222,-402.574164,1670262179
SWAP,0.000004621728202818,-0.000004,1670263979
SWAP,570.153594207427377352,-569.818805,1670265083
SWAP,112.686416973114301914,-112.620248,1670270531
SWAP,-626.556716987967360976,626.815467,1670273711
SWAP,-1999.174376609273243444,2000,1670273987
SWAP,-46.059706124804256112,46.078729,1670280023
SWAP,-4.987442981736453393,4.989503,1670284799
SWAP,-328.506220328170982935,328.641891,1670287031
MINT,2563.887207754478730481,2669.734647,1670289995
SWAP,490.43769469709794994,-490.149723,1670290007
SWAP,-62778.660180708982230309,62804.603924,1670305343
SWAP,-227470.033047103892657449,227564.318142,1670305691
SWAP,-469.324613293274469816,469.519602,1670308043
MINT,469.324613293508688477,161.771886,1670308043
MINT,173101501.527981262077407894,59665872.169253,1670308043
BURN,173101498.946684303639770461,59665871.279512,1670308043
SWAP,3952.226378797998266792,-3949.915456,1670309783
MINT,125.197226749601725228,125.887437,1670310899
SWAP,-504.587112382571585251,504.796737,1670317463
SWAP,-529.733103700455578887,529.953177,1670317559
SWAP,99682.534816873392633353,-99624.205952,1670324087
SWAP,-378.777845831060198506,378.934886,1670324291
SWAP,-553.257153111500923984,553.486534,1670330519
MINT,338219.070201054596004373,116316.28839,1670330675
SWAP,-1241.910214679173343775,1242.42512,1670331119
SWAP,-252.761160782436352942,252.865959,1670332439
SWAP,-1129.270233868209945662,1129.738452,1670334599
SWAP,-3894.42830674943454055,3896.043096,1670336603
SWAP,-1442.368376737150666063,1442.966475,1670339099
MINT,6764073.862023261218640437,2326633.726447,1670339339
SWAP,-125.447532430465162778,125.499552,1670341583
SWAP,-37.710778649163645221,37.726417,1670344643
SWAP,191.870566573930922706,-191.758227,1670346671
MINT,476.968343109114247993,500,1670346815
SWAP,124.899924205711359898,-124.826795,1670354171
MINT,99.988815499640932541,34.392969,1670359439
BURN,507586.09735092826252384,174593.456515,1670360351
SWAP,3201.86687541930462081,-3199.992152,1670370263
SWAP,-51.638781474021987948,51.660194,1670370611
SWAP,2450,-2448.565446,1670372507
SWAP,126.474086345734759908,-126.40003,1670376731
SWAP,126.469205573651817481,-126.395152,1670376959
MINT,324.376077635814852314,111.560966,1670380559
SWAP,1516.382028845097762435,-1515.49411,1670380979
SWAP,-252139.9499799124806437,252244.75031,1670384435
SWAP,1081.679551208928343221,-1081.048399,1670393795
SWAP,152.036443312578207301,-151.94773,1670394707
MINT,0.002892035360900867,0.001,1670395403
SWAP,-46871.905024524826300732,46891.444119,1670396015
SWAP,37.179279949087215926,-37.1576,1670396951
SWAP,-2171.913169621620786266,2172.818994,1670397431
SWAP,-326.265275265767694219,326.401352,1670397863
SWAP,30.704214678781956158,-30.686311,1670399531
SWAP,-166382.43771547871370978,166451.945211,1670401259
SWAP,-12.273642595724819733,12.278779,1670401775
SWAP,-6.138112903009812497,6.140682,1670401811
MINT,49.999990856187962739,17.369177,1670401835
MINT,951.000008764589429454,330.36181,1670401907
MINT,49.992114836789775658,17.366441,1670402075
SWAP,-30.70209945360098002,30.714947,1670402099
SWAP,-24.575926522250426601,24.586211,1670402291
SWAP,-54.491635649703726856,54.514438,1670403287
SWAP,-110.431052606226994073,110.477262,1670403347
SWAP,-122.701125774793349667,122.75247,1670403347
SWAP,-122.699930553451137183,122.751274,1670403395
SWAP,-92.056468911238152362,92.09499,1670403503
SWAP,-171.838672042432110445,171.910578,1670403503
SWAP,-147.341811913001728013,147.403467,1670403719
SWAP,-23.33548593201129437,23.345251,1670404043
SWAP,-122.836609166852670902,122.888011,1670404103
SWAP,-7.483905882922740096,7.487038,1670404511
SWAP,-12.276209699905734163,12.281347,1670405183
SWAP,-73.680252053416918922,73.711084,1670405651
SWAP,-147.328523358433940276,147.390174,1670405699
SWAP,-38.059708675559011649,38.075635,1670405723
SWAP,-73.66393956302824147,73.694765,1670405759
SWAP,-18.415981633527219786,18.423688,1670405783
SWAP,-49.109868056853208571,49.130419,1670405819
SWAP,-122.774639552995835445,122.826016,1670405843
SWAP,-122.774595425625621211,122.825971,1670405867
SWAP,-122.774550298170808964,122.825926,1670405879
SWAP,-6.136767701437215545,6.139336,1670405903
SWAP,-36.808052175806236541,36.823455,1670405951
SWAP,-2.7568983847975118,2.758053,1670405951
SWAP,-49.077052187322889984,49.097589,1670406023
SWAP,-36.82525055502425926,36.840661,1670406203
SWAP,-61.399163508235421662,61.424857,1670406263
SWAP,-165.744400792014998736,165.813758,1670406311
SWAP,-30.685600557766963146,30.698442,1670406335
SWAP,-67.504695503473281718,67.532944,1670406419
SWAP,-30.684027404423056294,30.696868,1670406503
SWAP,-30.692266070195205984,30.70511,1670406755
SWAP,-61.384524116534715853,61.410212,1670406755
BURN,337342.135814166475001634,117193.14084,1670406863
SWAP,-19.644408902026715432,19.65263,1670406875
SWAP,-79.805828978504549439,79.839225,1670406911
SWAP,-11.051313420243833438,11.055938,1670406971
SWAP,-185.579477558664882688,185.657136,1670407187
SWAP,-12.290027662431787961,12.295171,1670407223
SWAP,-122.902124707064607229,122.953555,1670407391
SWAP,-985.65753366548987341,986.07,1670407511
SWAP,-122.900202429200650581,122.951633,1670407535
SWAP,-30.679593622424602023,30.692433,1670408087
BURN,1050.969056185173925506,365.120484,1670408147
SWAP,-18.407793572795749029,18.415497,1670408303
MINT,1050.968998882904408414,365.120609,1670408495
SWAP,-49.041755445683084022,49.062279,1670408831
SWAP,-17.164708959041535137,17.171892,1670408879
SWAP,-24.53642648283365095,24.546695,1670409179
SWAP,-36.817363254917326869,36.832771,1670409503
SWAP,-3.681153877270313158,3.682695,1670409683
SWAP,-61.314464490721483002,61.340124,1670409803
MINT,1.999998622414747777,0.694829,1670410751
SWAP,-119.949803915786268652,120,1670416043
SWAP,-35.488338562983990551,35.50319,1670416115
SWAP,-104.856120128809039436,104.9,1670419415
BURN,1050.96636009530736333,365.123247,1670419559
SWAP,-1537.768745942258232009,1538.412278,1670419703
MINT,1050.958324528156801642,365.132529,1670419895
SWAP,-12313.22774740058885937,12318.381335,1670420963
MINT,0.999999532230519312,0.34752,1670421839
SWAP,614.920093462610973659,-614.562468,1670427407
BURN,10039.01274187356578065,3488.71324,1670433587
BURN,1050.8901558668052293,365.200692,1670434271
SWAP,10,-9.994184,1670434703
MINT,1030.898130489013038119,358.253075,1670434799
SWAP,-1499.372374083053304111,1500,1670436887
SWAP,-1234.3448676429318525,1234.86157,1670436995
SWAP,-1540.665629399951980234,1541.310576,1670437739
SWAP,-73.96871292768514112,73.999678,1670438111
SWAP,-193.732603959434418139,193.813705,1670438603
SWAP,-77.602877258268144514,77.635364,1670438891
SWAP,-84.964431796491108896,85,1670440475
SWAP,-282.199534734256308302,282.317671,1670440799
BURN,9.912234169795604169,3.445024,1670440811
SWAP,-11.085469374422061875,11.090111,1670442119
MINT,41.884268865409072711,44.607794,1670442551
SWAP,30000,-29982.550067,1670443199
SWAP,-1,1.00042,1670444711
MINT,0.999997606674018488,0.347328,1670444843
SWAP,73.709010125942389006,-73.666127,1670451347
SWAP,88.381512027136358568,-88.330092,1670451575
BURN,1031.041890238848152972,358.109326,1670451755
MINT,1021.04197722281676587,354.636081,1670452139
SWAP,300000,-299825.093478,1670452835
SWAP,200.116919368846322426,-200,1670452883
SWAP,-663.563069402271423182,663.839054,1670455175
SWAP,-492.642543222636432355,492.847442,1670455247
SWAP,736.524781879096365406,-736.094467,1670459807
SWAP,20,-19.988314,1670461031
SWAP,19.997697366252339765,-19.986013,1670463743
SWAP,-531.374514125123071968,531.595521,1670464031
SWAP,-1225.672252671328050172,1226.182038,1670464919
MINT,793.799999999999995355,273.945122,1670465555
SWAP,380,-379.777988,1670468831
SWAP,-18.461658017388870247,18.469337,1670471495
SWAP,-14.769346813612203824,14.77549,1670471579
SWAP,-983.558309789339529164,983.9674,1670472863
SWAP,0.000018121582641441,-0.000018,1670473403
SWAP,122.79895681630697062,-122.727213,1670473799
SWAP,-227.555352344436473784,227.65,1670474759
SWAP,770,-769.550138,1670475011
SWAP,-245247.462375550052990783,245349.714948,1670482655
SWAP,-245561.405640364138241234,245664.285094,1670483027
SWAP,-246232.194564260894229147,246335.85339,1670483579
SWAP,0.000000000198111035,0,1670483627
MINT,0.0000000005650285,0.000001,1670483627
MINT,178568825.748262973121468278,62609007.780269,1670483627
BURN,178568605.566331524311337319,62608930.581058,1670483627
SWAP,-184738.152146679911600682,184816.250857,1670484059
SWAP,-118.279670751344258029,118.329764,1670488679
SWAP,-1232.619962981881462935,1233.142003,1670489411
SWAP,-123.175455874322520242,123.227624,1670491055
SWAP,-448.595404082603243894,448.785397,1670491499
MINT,448.595404083135338634,157.913711,1670491499
MINT,178384015.36897723209784647,62793803.845665,1670491499
BURN,178384015.368977232628246633,62793803.845664,1670491499
MINT,2.840762854987709317,1,1670491799
SWAP,1776.872073945551693401,-1775.847438,1670492663
MINT,0,20000,1670498615
BURN,0,19999.999999,1670498663
BURN,1017.509565915507549232,358.168212,1670504411
SWAP,-1067.544276487168306625,1067.996403,1670505059
MINT,1017.510424770526867582,358.176685,1670505755
SWAP,-57.975446005223643129,58,1670506763
SWAP,-194.759880490242125706,194.842367,1670508323
BURN,1017.508994015345494711,358.178115,1670508659
SWAP,-99.957665301144388262,100,1670512631
SWAP,14707.604861169073082742,-14699.12288,1670512799
SWAP,-85.144039542979815573,85.180091,1670516603
SWAP,-1224.776640162206448991,1225.295225,1670520479
SWAP,-20,20.00847,1670521751
SWAP,627.631867273741546809,-627.269874,1670523119
SWAP,1121303.881497901131550428,-1120651.989749,1670523347
SWAP,-4.997929921540410848,5,1670524835
MINT,0.499997404129277695,0.171766,1670526983
SWAP,-26732.011763727437129398,26743.086762,1670528927
SWAP,117.893271841407069951,-117.824214,1670532143
SWAP,128.010707612824567099,-127.935724,1670532167
SWAP,-269.88815664819578135,270,1670532719
SWAP,-358.396996860631747678,358.54552,1670535287
SWAP,-78.150952080154077903,78.183339,1670540027
SWAP,-1499.37863174807225839,1500,1670543099
SWAP,-7018.616043423708699206,7021.524925,1670544131
SWAP,-252.790083453161051747,252.894861,1670545343
SWAP,-166486.107375750285549224,166555.227134,1670545475
SWAP,-28.164396789551234191,28.17611,1670546735
SWAP,-49136.010853160230996014,49156.454181,1670549951
SWAP,257.751861789621974797,-257.601358,1670550143
SWAP,64.11425141916539212,-64.076814,1670550311
SWAP,128.21404684148883673,-128.139181,1670550827
SWAP,128.209069064428869247,-128.134206,1670550875
SWAP,128.204091577393952026,-128.129231,1670550983
SWAP,89.739901869631058312,-89.687501,1670551019
SWAP,128.195630514993512177,-128.120775,1670551067
SWAP,2415.773146542284118107,-2414.362514,1670556479
SWAP,125.073034649656552095,-125,1670561603
SWAP,-320.539589017650191566,320.673008,1670562719
SWAP,-256130.166710522538105736,256237.046315,1670563475
SWAP,0.128143835341939731,-0.128069,1670563523
SWAP,-256044.410205729687268888,256151.793699,1670563691
SWAP,-0.095987656216240606,0.096029,1670563703
SWAP,-153.834570134591952112,153.89925,1670571287
BURN,99.600425647181616821,34.781326,1670578679
SWAP,-2498.949293627497622318,2500,1670586623
SWAP,90.216440423386050766,-90.164141,1670587451
SWAP,102.460494325411403833,-102.401097,1670592779
SWAP,846.866067963673277279,-846.375134,1670593247
SWAP,-1272.385043078032292314,1272.920039,1670593391
SWAP,-1272.969394349020949016,1273.504649,1670593967
SWAP,-634.879894235725498714,635.146852,1670595503
SWAP,-2179.083703723521219128,2180,1670607887
SWAP,-484.441108485635133287,484.64482,1670607923
SWAP,-891.881892300191860048,892.256941,1670608019
SWAP,-399.831861665410156736,400,1670610107
SWAP,-549.768811937468054135,550,1670610107
SWAP,167.841859328990384851,-167.74457,1670610167
SWAP,-942.180999298449225962,942.577212,1670611391
SWAP,-58467.33136238388382213,58491.932734,1670611415
SWAP,-328452.157825566893268981,328590.884036,1670611943
SWAP,314.664358734086200007,-314.482967,1670621435
SWAP,125.857265692338503021,-125.784713,1670621507
SWAP,88.093816377306496756,-88.043033,1670621531
SWAP,125.852424770755287768,-125.779875,1670621531
SWAP,31.460525893113805746,-31.44239,1670621567
SWAP,101.518913168420956316,-101.460391,1670621567
SWAP,805.286619689081795181,-804.822397,1670621639
SWAP,150.969153363493424505,-150.882123,1670621639
SWAP,251.599779966111156018,-251.454739,1670621747
SWAP,503.132594876543503688,-502.84255,1670621783
MINT,9999.999950358046019461,162.261679,1670628251
MINT,9.999958104371563559,0.162261,1670628323
BURN,10009.999908462417583019,162.423939,1670628419
SWAP,290.545610549561888039,-290.378116,1670632055
SWAP,-170.553173539155180987,170.625436,1670639711
BURN,441.942934533119039002,155.638179,1670645975
MINT,1009.99999808780685631,212.271418,1670646647
BURN,1009.999998087806856309,212.271417,1670646743
MINT,1009.999998724656605293,619.67937,1670647343
BURN,1009.999998724656605292,619.679369,1670647523
BURN,992.013472932138278463,349.355445,1670648591
SWAP,-22.990259170760110854,23,1670660951
SWAP,-799.661185842091929054,800,1670669519
SWAP,44.151627876781213062,-44.126175,1670671127
MINT,10009.999998569146829593,3525.260758,1670675531
MINT,10009.999998569146829593,3525.260758,1670675735
BURN,10009.999998569146829592,3525.260757,1670676155
SWAP,-93.120079747552056424,93.159535,1670684135
SWAP,-22.99025900589421855,23,1670690555
SWAP,-1999.152940405705247367,2000,1670691755
SWAP,-39983.051903505114149599,40000,1670703623
SWAP,-26.975408591846862634,26.986848,1670718083
MINT,1000.409468780511751825,352.635227,1670722751
BURN,1000.409468780511751824,352.635226,1670722931
MINT,10054.999997295820168598,3544.295928,1670725403
BURN,10054.999997295820168597,3544.295927,1670725559
SWAP,-139940.578062154651612153,140000,1670725787
SWAP,-29987.245767218141331401,30000,1670726039
SWAP,-35909.675552503195566059,35924.958463,1670726363
SWAP,200000,-199884.948687,1670726663
SWAP,114.42794880724495004,-114.362029,1670726975
MINT,1001.983062864710495521,353.233822,1670727599
BURN,1001.98306286471049552,353.233821,1670727839
SWAP,-393.548510233678046487,393.715413,1670729351
SWAP,-299.872824184824696916,300,1670729579
BURN,10007.290815753567353834,3527.969734,1670741339
SWAP,-99.957607897209937337,100,1670742371
MINT,10039.999998231223780486,3539.508582,1670742935
BURN,10039.999998231223780485,3539.508581,1670743079
SWAP,127.405967701724762574,-127.332572,1670751143
MINT,9999.999999073574279797,6138.086044,1670756447
MINT,0.499999465857353178,0.105184,1670764367
SWAP,15852.634855551357184276,-15843.501535,1670769959
SWAP,200000,-199884.594819,1670775263
SWAP,63.711660473993760354,-63.674844,1670777507
SWAP,-1200.907863390474190055,1201.415042,1670781059
SWAP,-3173.659614605003997223,3175,1670786075
SWAP,-99.957781791143611141,100,1670790191
SWAP,101.460084881213332293,-101.40146,1670794343
SWAP,-29.98733454633032449,30,1670794655
SWAP,-12831.674735896786312824,12837.095003,1670795159
SWAP,-28452.380460901642993059,28464.403951,1670795651
SWAP,233.904691577735043678,-233.769617,1670796239
SWAP,0.000000000308585638,0,1670796647
MINT,0.000000000878738828,0.000001,1670796647
MINT,178485045.325190436860966668,62694409.947234,1670796647
BURN,178484289.102671264291081315,62694144.317557,1670796647
MINT,1049.999999408032917389,1136.653001,1670798891
SWAP,-40.396716274617930129,40.413792,1670800031
SWAP,-22.52998336297241231,22.539507,1670812091
SWAP,-6221.904204657466425253,6224.534355,1670819963
BURN,790.163127201014063998,277.588917,1670820167
SWAP,-2002.177669326160618912,2003.024107,1670823971
MINT,65.239999582086279382,22.920174,1670824067
SWAP,-805.996748822091207606,806.3375,1670829479
MINT,28.463516461212285678,10,1670830031
SWAP,-1999.154795038011980739,2000,1670831411
MINT,0.142311497604948858,0.05,1670842415
BURN,10104.041159792876255943,10942.232537,1670846543
SWAP,-94.797607385154371993,94.837687,1670853623
SWAP,-4872.651745077918418131,4874.711952,1670856095
SWAP,-99.957734803911553552,100,1670858687
SWAP,2795.37,-2793.756084,1670859467
SWAP,-250.411987460493232715,250.517864,1670863583
SWAP,-66619.227476521867216479,66647.413026,1670869019
SWAP,25.014428695448770502,-25,1670870123
SWAP,250.676185008369596762,-250.53159,1670870627
SWAP,1164.79646650857850518,-1164.124586,1670874911
SWAP,-125.374832881666482513,125.42791,1670876579
SWAP,31819.005018119389065115,-31800.64684,1670877503
SWAP,-10274.652505195672205065,10279,1670881271
SWAP,-242677.227868503702826845,242780.16405,1670882567
SWAP,-3448.533745717135222203,3450,1670883083
SWAP,1406.317055964353422759,-1405.508445,1670886323
MINT,1559.621100178932008456,1705.233238,1670886515
SWAP,-56475.974162263757646132,56500,1670891243
SWAP,419.819720746483960573,-419.578522,1670891759
BURN,10041.28731117383907148,6173.542017,1670892047
SWAP,63.520049416439492944,-63.483555,1670893811
SWAP,200000,-199884.92961,1670896607
SWAP,1267.545346720271308999,-1266.815013,1670897783
SWAP,-12.663307225500297539,12.668677,1670898839
SWAP,-1999.152363306178659992,2000,1670902835
SWAP,1000.139336398498012297,-999.563084,1670903003
SWAP,-349.875257873476627673,350.023605,1670903579
SWAP,532.889212489721066041,-532.582174,1670903783
SWAP,-79.974487265850948908,80.008397,1670904227
BURN,34.697827506047927194,35.686466,1670904911
SWAP,52.819350163325649905,-52.788916,1670905523
SWAP,-253.365363036444306205,253.47279,1670912063
SWAP,-94.81345399501009752,94.853655,1670912099
SWAP,30000,-29982.711073,1670912567
SWAP,-27987.735234340999324975,27999.598341,1670914607
SWAP,-199.974964687106126949,200.059751,1670920511
MINT,29995.832836108204825381,24280.204617,1670924003
SWAP,218.446942124134392495,-218.321075,1670924303
SWAP,-953.454563102126136132,953.858816,1670928659
SWAP,784.102847799472706782,-783.651058,1670929931
SWAP,-1000.575767326243558368,1001,1670931551
SWAP,-178.97824146879226056,179.054128,1670932703
SWAP,100,-99.942381,1670933675
SWAP,2400,-2398.617142,1670933759
SWAP,-129.193836463578235244,129.248612,1670934395
SWAP,-49.979537296892380237,50.000728,1670935583
SWAP,1000.5,-999.923508,1670936015
SWAP,2100,-2098.789947,1670936027
SWAP,350.712841922058848671,-350.510752,1670936687
SWAP,1037.4691280219340872,-1036.871305,1670937827
SWAP,24296.784078076380817347,-24282.780978,1670938247
SWAP,-34985.170407944871875331,35000,1670938307
SWAP,-5981.879393177865719493,5984.416015,1670938319
SWAP,-40153.401091242397161205,40170.435797,1670938343
SWAP,133.864265681493845679,-133.78719,1670938631
SWAP,-4997.878773458485061759,5000,1670940047
SWAP,-13329.639410482404421641,13335.297853,1670942255
SWAP,66.338746571378288544,-66.30056,1670945099
SWAP,-165.638662641487815028,165.708986,1670946359
BURN,843369.746869854895325287,297673.404523,1670947067
SWAP,-171885.565890747165896893,171958.663172,1670951015
SWAP,20,-19.988516,1670951603
SWAP,1500,-1499.138693,1670952407
SWAP,151.035,-150.948274,1670952575
MINT,126.052899401127883207,138.252812,1670953259
SWAP,447.006535443763368215,-446.749858,1670953859
SWAP,-15794.61699280601964705,15801.345904,1670954639
SWAP,-236.387469316146471611,236.488193,1670957543
SWAP,-136.524785166618904564,136.582958,1670957819
SWAP,-52.665529508407055829,52.68797,1670964515
BURN,65.093302407021753,23.06686,1670965427
SWAP,120,-119.93111,1670965739
SWAP,-28190.976772344316230662,28202.992049,1670966447
SWAP,-107775.983320254478938591,107821.979108,1670968763
SWAP,-502.650406355508232073,502.865149,1670969279
SWAP,-99.957296012417468238,100,1670969459
SWAP,500,-499.713521,1670970791
SWAP,500.286644525799575713,-500,1670971967
SWAP,105.332626111332767052,-105.272274,1670972567
SWAP,-99714.830210607645950717,99757.470852,1670973227
SWAP,1645.350851021436060853,-1644.409469,1670976599
SWAP,-1999.144300645928596561,2000,1670978999
SWAP,210000,-209879.669199,1670982899
SWAP,-599.744324247800438575,600,1670983655
SWAP,-123123.68840546798265193,123176.239991,1670983703
SWAP,-200000,200085.631086,1670985803
SWAP,77.744501505751104022,-77.700094,1670985851
SWAP,-120.214634164945035208,120.266205,1670998127
SWAP,-99383.557736074301489152,99426.2324,1670999015
SWAP,5014.23060547880141833,-5011.370508,1671006359
SWAP,0.000000000275710288,0,1671013031
MINT,0.000000000771025152,0.000001,1671013031
MINT,176792195.249488797306680499,63245434.432493,1671013031
BURN,176791938.850410781816736078,63245342.708584,1671013031
BURN,321.075580993498382364,114.861205,1671015119
SWAP,-74.661403372035357894,74.693491,1671016511
SWAP,-79.487620972548939799,79.521782,1671016535
SWAP,-120.126293903577329771,120.17792,1671028691
MINT,1000.999997646226940082,358.098668,1671031691
SWAP,-499.785208613291661426,500,1671039755
SWAP,-33394.451969845590526229,33408.808497,1671041555
SWAP,-576.49413825312975699,576.742012,1671043991
SWAP,10000,-9994.298243,1671043991
SWAP,529.719099228737198878,-529.417045,1671044579
SWAP,6559.590109756910266069,-6555.849545,1671044963
SWAP,115.065618602637642211,-115,1671045035
SWAP,1304.276248460481323594,-1303.532449,1671046535
SWAP,909.240465913777066804,-908.721938,1671046559
SWAP,5.014336771566020625,-5.011477,1671047507
SWAP,1,-0.999429,1671049607
SWAP,-749.068458005554863938,749.390478,1671050663
MINT,749.068458006018226667,268.062683,1671050663
MINT,176776990.634786926965208438,63260650.932506,1671050663
BURN,176776981.093116367336247152,63260647.517964,1671050663
SWAP,-299.871086240055582983,300,1671060359
SWAP,-20.990976008967847485,21,1671060875
SWAP,-149.935542815291566577,150,1671068471
SWAP,-643.956235089212098447,644.233074,1671072047
SWAP,-643.978148202509150708,644.255,1671072215
SWAP,128.931914179628617648,-128.858388,1671078011
SWAP,100.986860929619922032,-100.929271,1671078527
SWAP,100.98685855851403947,-100.929268,1671078575
SWAP,1160.842508642015569575,-1160.180507,1671079019
SWAP,-9521.72459368205990241,9525.818342,1671079331
SWAP,232.299346711477030027,-232.166888,1671079427
SWAP,-2498.925498552495720894,2500,1671083207
SWAP,-64.539878926550573565,64.567631,1671085427
SWAP,-249.892546883119069185,250,1671086351
SWAP,4500,-4497.434099,1671087119
SWAP,92,-91.947539,1671089195
SWAP,1802.677700795053804522,-1801.649765,1671093695
MINT,14999.999999115532084579,15550.265589,1671093767
SWAP,42.186348620831739266,-42.162292,1671094343
SWAP,-0.999570239649540287,1,1671095471
SWAP,-898.26379252381522334,898.65,1671095699
BURN,14999.927829113063184225,15550.337753,1671095747
BURN,10042560.262899577616587143,3594367.929793,1671096083
BURN,6694483.901293310025276959,2396046.188562,1671096131
SWAP,-1499.355338084101044678,1500,1671097835
SWAP,1846.984162110088328905,-1845.930971,1671100571
BURN,1034.147281869454406068,1152.504547,1671107483
SWAP,-125.079140687597999199,125.132919,1671110699
SWAP,118.053745346835679983,-117.986427,1671114371
SWAP,105.059908402556806391,-105,1671115787
SWAP,509.092057961497098767,-508.801756,1671116807
SWAP,2267.330054886758982423,-2266.037118,1671117611
SWAP,579.287156499731621297,-578.956812,1671120251
SWAP,381.17913508022803203,-380.961762,1671120443
SWAP,-359292.218505624065735729,359447.272501,1671123323
SWAP,181.015114494061215744,-180.91248,1671124907
SWAP,-1009.562660934171840244,1010,1671129071
SWAP,1821.279926274261484822,-1820.247278,1671136871
SWAP,1.263382209148676438,-1.262665,1671145559
SWAP,3343.430893373760144037,-3341.535122,1671148991
SWAP,750000.000000000495470281,-749572.165179,1671149555
SWAP,-3.79838070324753662,3.8,1671163415
SWAP,-503.401705607679563623,503.616314,1671181043
SWAP,-24211.121073211420647091,24221.445361,1671181691
SWAP,-1560.108505360268779098,1560.773962,1671182219
SWAP,-458.109021842647785453,458.304431,1671184403
SWAP,-0.605535601865929017,0.605794,1671185171
SWAP,-153.776314576249191085,153.841909,1671185447
SWAP,-2364.828000035999614203,2365.836762,1671186275
SWAP,-2106.335099449997697315,2107.233639,1671188063
SWAP,-119.948829930801234178,120,1671188195
SWAP,-1499.360363060212442283,1500,1671190451
SWAP,-226.707248401487020524,226.803965,1671206939
SWAP,5328.985117659032324266,-5325.928489,1671206975
SWAP,1391.393910600342625245,-1390.595784,1671207035
SWAP,-7193.087169232820960112,7196.155647,1671209135
SWAP,59.657023695863587202,-59.622806,1671210863
SWAP,955.488166358195907409,-954.940135,1671212699
SWAP,-0.19991471427425198,0.2,1671216059
SWAP,123.105000907591252464,-123.034392,1671216875
SWAP,-239.409067176729033945,239.511202,1671218207
SWAP,5767.543635129132290795,-5764.235422,1671218291
SWAP,-152.831482587844257844,152.896675,1671219143
SWAP,600000.000000000000000054,-599654.190012,1671225527
SWAP,-230136.314377475341366441,230233.463498,1671226391
SWAP,-19145.988618833344241216,19154.092635,1671226403
SWAP,-3588.480714071775122781,3590,1671231887
SWAP,3228.080517042732209899,-3226.218582,1671232151
SWAP,339.482356648723486927,-339.28654,1671232367
SWAP,218.23138842550520251,-218.105509,1671232595
SWAP,2810.860872265584076948,-2809.239495,1671234539
SWAP,-49.978842205611205832,50,1671234575
SWAP,348.222052219313691533,-348.021183,1671237203
MINT,315.676592194578037286,320.860747,1671240467
BURN,315.676592194578037285,320.860746,1671241151
SWAP,-428.28804377257286593,428.469353,1671242291
SWAP,1775.7698,-1774.745455,1671247427
SWAP,-17932.024492319649209288,17939.616941,1671252803
SWAP,47.59862423570036874,-47.571174,1671254975
SWAP,-49.978834801103341375,50,1671259235
MINT,1.009998018003417544,0.355495,1671267671
SWAP,-9.995766957485417134,10,1671268775
MINT,3461.165100682162530953,3758.610536,1671270407
SWAP,-23525.593230836324401511,23535.558459,1671270551
SWAP,-31774.139479040322746661,31787.606734,1671271043
SWAP,-266.827569276935529812,266.940702,1671272795
SWAP,72.880600773731469815,-72.838608,1671277799
SWAP,-220.260253454561869391,220.353642,1671279935
SWAP,-71411.566513393665960986,71441.867717,1671289223
SWAP,-11127.971323463595690299,11132.697312,1671293675
SWAP,-24561.29495331616143121,24571.73,1671298031
SWAP,-25097.850161208291105852,25108.518855,1671299927
SWAP,200.115061664578792705,-200,1671308423
SWAP,-91.005913857605972962,91.04461,1671315923
SWAP,-37418.245058600823312835,37434.161591,1671318311
SWAP,-99.957464159161378679,100,1671318503
SWAP,-36559.308284661406042411,36574.871827,1671319055
SWAP,-37275.801477345223123084,37291.682595,1671319991
SWAP,-206.869944057993043093,206.958116,1671320135
SWAP,17567.756524166228528215,-17557.671919,1671324179
SWAP,-18062.646391049605103845,18070.343567,1671325619
SWAP,-21292.542945813318543725,21301.620327,1671326207
SWAP,-149.936064984781212525,150,1671334931
SWAP,-9731.393493014341787675,9735.543546,1671342011
SWAP,-89.532104246897061023,89.570291,1671345071
SWAP,-1499.36050424260075564,1500,1671350423
SWAP,-2000,2000.853058,1671352991
SWAP,-2000,2000.853094,1671355463
SWAP,-22.990193399860008427,23,1671360695
BURN,137.149514913118005662,48.659199,1671369095
SWAP,-19.991472517699138287,20,1671370223
SWAP,-19.991472514053347643,20,1671370283
SWAP,-19.991472510407556999,20,1671370331
SWAP,-19.991472506761766356,20,1671370379
BURN,2492.919669855059813697,2740.696476,1671373103
SWAP,0.050028697455244753,-0.05,1671379295
SWAP,6597.326708648710205276,-6593.542152,1671379343
SWAP,15.008610139670038256,-15,1671379367
SWAP,-299.872105243989699938,300,1671384755
BURN,1544017.580703376649898578,547720.588378,1671392495
SWAP,-4160.913288688655784053,4162.687994,1671411251
SWAP,-19.991472887582003269,20,1671414551
SWAP,-6485.631870762498238484,6488.398431,1671423203
SWAP,483.616725735391589728,-483.339332,1671423995
SWAP,-713.266359625404152285,713.570637,1671426827
SWAP,-43138.060356353760647575,43156.471603,1671429275
SWAP,-34233.987973675990301789,34248.611182,1671429347
SWAP,-25593.131668219209688179,25604.070949,1671429419
SWAP,30.326790421015456703,-30.309424,1671430283
MINT,0.999998604217575959,0.616056,1671431939
SWAP,-19.991452693595222761,20,1671432803
SWAP,-49.978631717887380321,50,1671432875
SWAP,-49.978631694880540634,50,1671432923
SWAP,-49.978631671873700964,50,1671433019
SWAP,-49.978631648866861309,50,1671433103
SWAP,-49.97863162586002167,50,1671433991
SWAP,-49.978631602853182047,50,1671434075
SWAP,-49.97863157984634244,50,1671434159
SWAP,-49.978631556839502849,50,1671434375
SWAP,-49.978631533832663274,50,1671434435
SWAP,-38351.85065270652198651,38368.254851,1671434531
SWAP,257.670830139603614854,-257.523372,1671434843
SWAP,-33952.157023289181719913,33966.690575,1671435119
MINT,0.999998153916638999,0.356314,1671440087
SWAP,13492.858484719127282582,-13485.140245,1671441959
MINT,10009.999998526609199966,1514.063783,1671444947
BURN,10009.999998526609199965,1514.063782,1671445091
SWAP,22319.517727396957566668,-22306.746749,1671445847
SWAP,-165000,165070.726677,1671452003
SWAP,500.795682835389039221,-500.509841,1671452015
SWAP,1905.643919232250825382,-1904.556204,1671462575
SWAP,-624.731748034377020162,625,1671465743
SWAP,35.402728173958149438,-35.38252,1671466319
SWAP,-2498.926957003865809544,2500,1671471251
SWAP,1196.85905083750629269,-1196.175917,1671472523
MINT,1999.999998542670000011,714.812303,1671472799
SWAP,-1179.349597531244347291,1179.85602,1671476579
SWAP,26,-25.98516,1671476939
SWAP,-1288.940934053158148986,1289.49443,1671477431
SWAP,93916,-93862.356414,1671480971
SWAP,18830.334686466280667291,-18819.56928,1671484595
SWAP,-1037,1037.444243,1671488399
SWAP,-1212.940183792255785145,1213.459809,1671488603
SWAP,811.574837364633464068,-811.110799,1671489479
SWAP,48423.038931997843226575,-48395.340872,1671490139
SWAP,50807.844982772577141084,-50778.759617,1671490235
SWAP,500,-499.713652,1671491471
SWAP,700,-699.59911,1671492875
SWAP,-294.462185576030857558,294.588062,1671496259
MINT,294.462185576358132891,104.721158,1671496259
MINT,158760219.10037415544981829,56460347.776772,1671496259
BURN,158759418.12144010850277597,56460062.922357,1671496259
SWAP,-19.991454108459331948,20,1671498683
SWAP,230754.63614725159855477,-230622.238003,1671500063
SWAP,-250.047481401411284449,250.15384,1671500975
SWAP,-49.978741308932975265,50,1671503987
SWAP,-178.383248421927474077,178.459126,1671506495
SWAP,-301.710365452172109324,301.838701,1671506771
SWAP,320.2204,-320.036331,1671507731
SWAP,-47.152910682297702358,47.172968,1671510407
SWAP,-59.974489425903944133,60,1671510899
SWAP,378732.459436513299581304,-378514.097391,1671512543
SWAP,700,-699.595186,1671519539
SWAP,-620.738364853380587942,621.000234,1671520883
SWAP,-99.957830881630303865,100,1671520883
MINT,99.119816127812213045,34.741763,1671524819
MINT,9.549691728994624011,11.837564,1671527291
SWAP,1,-0.999421,1671528251
MINT,129.999998068289481573,45.565349,1671528563
MINT,119.985036151377517931,73.473719,1671533183
BURN,119.98503615137751793,73.473718,1671533303
SWAP,-1000,1000.421875,1671539579
SWAP,-19.991565981334928616,20,1671539747
SWAP,-19.991565977653879506,20,1671539807
SWAP,-19.991565973972830397,20,1671539903
SWAP,-19.991565970291781289,20,1671540035
MINT,100.999999629583402994,35.401688,1671540623
MINT,100.203159041175813427,35.122386,1671544175
BURN,100.203159041175813426,35.122385,1671544511
MINT,109.856797950897185644,38.5061,1671546155
SWAP,-6406.380059082351187177,6409.082969,1671563243
SWAP,-243.324721927133018729,243.427391,1671563711
SWAP,12.154185235701529086,-12.147157,1671564095
SWAP,-4398.144155100535232463,4400,1671568307
BURN,9.549565815058723522,11.837689,1671576395
SWAP,-242.795072543404426786,242.897528,1671577343
SWAP,-242.79507200045775408,242.897528,1671579335
SWAP,-399.835581541351813423,400.004308,1671584003
SWAP,-48465.458086572282716554,48485.920815,1671585539
MINT,123.207371071308783399,43.248168,1671588455
BURN,123.207371071308783398,43.248167,1671589151
SWAP,-9995.776964610483466729,10000,1671590039
SWAP,-920.485760430727219204,920.874696,1671590939
SWAP,233.5511,-233.416192,1671594287
SWAP,-3998.310502870005091241,4000,1671594527
SWAP,-49.978880354111122338,50,1671595235
SWAP,-49.978880331104619238,50,1671595283
SWAP,-49.978880308098116154,50,1671595331
SWAP,-49.978880285091613086,50,1671595439
SWAP,-49.978880262085110034,50,1671595511
SWAP,-49.978880239078606997,50,1671595559
SWAP,-49.978880216072103977,50,1671595619
MINT,8.543461659139238509,3,1671599759
SWAP,-11910.064066079145730231,11915.097608,1671623471
SWAP,100000,-99942.205154,1671626615
SWAP,21.940741444931117575,-21.92805,1671627047
SWAP,-6.997048903598733175,7,1671633251
SWAP,-5.997470488440795394,6,1671633995
SWAP,2305.835211141488685341,-2304.501471,1671640115
BURN,101.009385291490727898,35.392303,1671640895
SWAP,315.284765016250613964,-315.102394,1671641039
SWAP,-4.997892194042774528,5,1671642143
SWAP,-235.1010875666351096,235.20024,1671642707
SWAP,120,-119.930588,1671644867
SWAP,-7.264086018440684904,7.26715,1671646223
SWAP,508.335667300484165364,-508.041628,1671648923
SWAP,160.092603471991910364,-160,1671649019
SWAP,12.100621080996999603,-12.093621,1671649319
SWAP,46658.46260821638416959,-46631.463576,1671655571
SWAP,281.139350000000000001,-280.976607,1671661619
SWAP,700,-699.594789,1671662999
SWAP,-20.991156526176023255,21,1671663215
SWAP,700,-699.594784,1671664211
SWAP,-9995.788425305159400885,10000,1671664967
SWAP,165.218519002727756408,-165.122892,1671665243
SWAP,700,-699.594843,1671668915
SWAP,210000,-209878.249494,1671670031
SWAP,700,-699.593486,1671671219
SWAP,-195441.302227839700036968,195523.452648,1671671831
SWAP,-38636.352093600453405455,38652.633892,1671680507
SWAP,-38695.647030458719247982,38711.967603,1671680675
SWAP,-40028.76231239383564868,40045.659668,1671680963
SWAP,-9.695986281888961828,9.700082,1671701279
SWAP,14999.927831773634009312,-14991.258978,1671704459
SWAP,401.336072552010794839,-401.104101,1671713819
SWAP,-333.859053202840020113,334,1671716051
SWAP,250.144582850554409755,-250,1671721403
SWAP,12793.860357635579297918,-12786.464775,1671722147
SWAP,-998.097287772010958112,998.518546,1671722855
SWAP,594.147434059721258931,-593.803951,1671723527
SWAP,15.636333304377879117,-15.627293,1671726671
SWAP,693.726000670215993567,-693.324946,1671733523
SWAP,-29.987343742851155528,30,1671734219
SWAP,-89.962031178864834462,90,1671736835
SWAP,-30229.401477344872531772,30242.164136,1671740723
SWAP,-712.18194322995924665,712.482724,1671742367
SWAP,0.010005781672238089,-0.01,1671744179
SWAP,0.01000578167223901,-0.01,1671744491
MINT,10002.999997207675991361,3510.365126,1671745223
SWAP,63.256466362682323184,-63.219914,1671748031
SWAP,-229703.047149764445494155,229800.302729,1671748967
SWAP,45690.016562444044893241,-45663.702342,1671750155
BURN,9991.547461921431175951,3521.816779,1671751175
SWAP,99657.130051976183440319,-99599.667956,1671751643
SWAP,-6085.71722642789212034,6088.292366,1671763475
SWAP,2000,-1998.84598,1671765731
SWAP,5075.081980419804281695,-5072.153444,1671766427
SWAP,-91,91.038504,1671778283
SWAP,564.658,-564.332154,1671790055
SWAP,-499.788536730946372366,500,1671797267
SWAP,600.0622,-599.715923,1671803483
SWAP,-4.2,4.201778,1671809699
MINT,1366.259999999999990368,480.414866,1671821039
SWAP,-55.810029455480635667,55.833643,1671830063
SWAP,2000,-1998.845841,1671835511
MINT,10001.999998635506410305,3516.816715,1671836003
SWAP,1,-0.999422,1671836915
SWAP,1,-0.999422,1671836927
SWAP,1,-0.999422,1671836927
SWAP,1,-0.999422,1671836939
SWAP,1,-0.999422,1671836951
SWAP,1,-0.999422,1671836951
SWAP,1,-0.999422,1671836975
SWAP,-168.802725153042816075,168.874144,1671837275
MINT,184.465645278909616646,199.999397,1671842471
SWAP,-23235.926665208742040791,23245.759945,1671844715
SWAP,-99.957687867893931776,100,1671852983
SWAP,52.384148480538585018,-52.353929,1671865823
SWAP,640.626801599479214677,-640.257239,1671887015
SWAP,-51.630506258613992973,51.652362,1671888431
BURN,10000.576585315788480053,3518.240018,1671889079
SWAP,5000,-4997.115493,1671893015
MINT,10001.999998956749152912,3518.32002,1671893123
BURN,10001.999998956749152911,3518.320019,1671893315
SWAP,-334.325677088608669888,334.467181,1671901127
SWAP,-99.957692659091273581,100,1671902639
SWAP,-198.806772726794962081,198.890919,1671902783
SWAP,-11.994923090941307704,12,1671909239
MINT,0.199998908043529583,0.122651,1671916079
BURN,184.400685191673511596,200.064352,1671918527
SWAP,-116434.893422116827712842,116484.237518,1671919271
SWAP,-29.987275563133132588,30,1671919703
SWAP,80000,-79953.902861,1671933131
SWAP,1171627.774060783124149596,-1170945.919577,1671934403
SWAP,0.000000000463963827,0,1671934811
MINT,0.000000001355502093,0.000001,1671934811
MINT,160342224.295451287053564449,54882587.637547,1671934811
BURN,160341047.942791576272562023,54882184.990781,1671934811
SWAP,10.640000876570441872,-10.633751,1671939179
MINT,1.999999999999999323,0.684568,1671952415
SWAP,-549.773051741325103487,550,1671954275
BURN,2846.932102123234389663,974.472219,1671959495
SWAP,-2162.192603832815374808,2163.085192,1671961319
SWAP,-996.038804724082328174,996.45,1671965495
MINT,100.997558779950979625,34.572954,1671965651
BURN,100.997558779950979624,34.572953,1671966611
SWAP,-28008.789153515755118581,28020.355781,1671967331
MINT,6.999997394176880508,2.39783,1671973835
SWAP,-1199.504486170939219442,1200,1671980423
SWAP,3807.326544869267842723,-3805.091354,1671985283
SWAP,5645.727767014630441309,-5642.413049,1671985343
SWAP,5725.272573818914640007,-5721.910854,1671985391
SWAP,3006.240461925097912595,-3004.47516,1671985643
SWAP,-41.106719360938968768,41.123694,1671986435
SWAP,1000,-999.412769,1671988835
SWAP,-195306.142120117006570335,195386.965229,1672006583
SWAP,11257.257512007536199163,-11250.666513,1672014251
SWAP,-16846.927564536283164908,16853.914012,1672014623
SWAP,-4.99792696405942086,5,1672014755
SWAP,22461.439786129194929845,-22448.288864,1672015403
MINT,1011.469154481876061841,347.825464,1672016495
SWAP,-15.827797411724285786,15.83436,1672016555
BURN,1011.469055365848514273,347.825563,1672016783
SWAP,41.658528977515904586,-41.634134,1672017011
SWAP,-7.273497867218625646,7.276514,1672018031
SWAP,-8,8.003317,1672018847